toxicity_score,sentiment_polarity,network_density,betweenness_centrality,sybil_probability,escalation_flag
0.3745401188473625,0.3963234280394903,0.18513292883861965,0.519081785136218,0.26170568373590597,0
0.9507143064099162,0.07219273268824078,0.5419009473783581,0.47918187762973097,0.24697879907199982,0
0.7319939418114051,-0.3809447674273445,0.8729458358764083,0.025642065806435688,0.9062545805210367,1
0.5986584841970366,0.6275900394138973,0.7322248864095612,0.34124782762615635,0.2495461998495061,0
0.15601864044243652,0.36946234510775855,0.8065611478614497,0.38019561878585706,0.271949726128631,0
0.15599452033620265,-0.6747661213102174,0.6587833667107174,0.3988227808969005,0.7593982624179637,0
0.05808361216819946,0.8218543689876849,0.6922765645178525,0.5801723692273323,0.44973984245054,0
0.8661761457749352,0.645074485846338,0.8491956515653193,0.5336025467268785,0.7767105569551812,1
0.6011150117432088,0.8995998265838481,0.24966800885918594,0.6079050927934446,0.06536615756438524,0
0.7080725777960455,0.45143901677671994,0.4894249636431405,0.7648832615421283,0.4875711936733843,0
0.020584494295802447,0.22683039187157972,0.22120944181960223,0.8129857387160935,0.03361360018328263,0
0.9699098521619943,-0.16351392741876225,0.987668007996647,0.7181230762264944,0.06265320345535452,0
0.8324426408004217,0.8654569667080265,0.9440593396866133,0.9555236959549347,0.906437453344411,1
0.21233911067827616,0.7321277790008167,0.0394268113685059,0.01823258267636163,0.13924537111759516,0
0.18182496720710062,-0.9095626597876212,0.7055751725156885,0.1957779856835461,0.5324206822752171,0
0.18340450985343382,-0.947266051005496,0.9252483174156658,0.00756287497814212,0.41109560260070654,0
0.3042422429595377,-0.2470732662439008,0.18057534512733353,0.647474714154603,0.3473433262588427,0
0.5247564316322378,0.6211066615636658,0.5679452305526295,0.8980305489499869,0.8998333456872725,0
0.43194501864211576,0.9745522586298889,0.9154882975880418,0.24348229657629927,0.0218233967754895,0
0.2912291401980419,-0.6991662177929436,0.03394597858579884,0.9270345447963066,0.6637896861755891,0
0.6118528947223795,0.18826143070427026,0.6974202672468399,0.06026739028956085,0.9633944342135504,0
0.13949386065204183,-0.23821828673795697,0.29734900737255077,0.9344360268055143,0.5601681834618419,0
0.29214464853521815,0.9398287956292064,0.9243961953765304,0.3516226872396344,0.9368224620330918,0
0.3663618432936917,0.6842378462714174,0.9710582451653678,0.10142082844921652,0.05225787928602377,0
0.45606998421703593,0.6766574094222757,0.9442664891134339,0.48587175918632564,0.4187933190741614,0
0.7851759613930136,-0.06261368041005944,0.47421421665746377,0.25677656772050794,0.26015779096205116,0
0.19967378215835974,-0.17036099532466964,0.8620426509893134,0.28487290196192283,0.7308209649807298,0
0.5142344384136116,-0.45318585613858753,0.8445493985350704,0.3072899649262866,0.9812970904972467,0
0.5924145688620425,-0.8872490066981458,0.31910047324325563,0.8030258978326634,0.2565300624442478,0
0.046450412719997725,0.7294447525101064,0.8289154741506773,0.5391612766752545,0.6541746014740745,0
0.6075448519014384,0.6258020182601551,0.03700763471549262,0.31130769915600365,0.19809763275974013,0
0.17052412368729153,0.9994353465722612,0.596269878482053,0.6103337833109184,0.5653302545716099,0
0.06505159298527952,0.9932736741478108,0.23000883728770305,0.7161506742231936,0.4639324866883362,0
0.9488855372533332,0.11086341120525489,0.12056688577727881,0.27262400073353377,0.9720053296315371,1
0.9656320330745594,0.537974830361021,0.07695320162920916,0.4135491015253515,0.6085272726964666,1
0.8083973481164611,0.889531459764856,0.6962887758781398,0.12188609333694755,0.3495063720868188,0
0.3046137691733707,0.6992947813548229,0.33987496376806614,0.18114934953468032,0.11409578488793337,0
0.09767211400638387,-0.5053037965136047,0.7247667715287615,0.6811178539649828,0.15124682873493456,0
0.6842330265121569,-0.09891172937981296,0.06535634079894237,0.18143834769562694,0.2253169299512351,0
0.4401524937396013,-0.74168116969701,0.31529033783061033,0.5251633836670602,0.250966661340298,0
0.12203823484477883,0.9081020545174447,0.5394912923753372,0.7090462617224327,0.8506160578411378,0
0.4951769101112702,0.2123492689017601,0.7907231648389635,0.10687692309474384,0.5612227882825249,0
0.034388521115218396,-0.5427143889930746,0.3187525029320699,0.5673122196289035,0.5233909113743664,0
0.9093204020787821,0.34340136881171346,0.6258913764370091,0.25656278370136376,0.11476887186921747,0
0.2587799816000169,0.23625648091579166,0.8859777482361871,0.9629268752375798,0.860139693349435,0
0.662522284353982,-0.283674563934319,0.6158631881823046,0.4835456467199247,0.7228143032084837,0
0.31171107608941095,-0.772884815600742,0.23295947475363377,0.8059925497751581,0.06766836190000158,0
0.5200680211778108,0.3431463911855992,0.02440078155653802,0.5502265421562618,0.7078350972297687,0
0.5467102793432796,0.040615401807586604,0.8700988739009299,0.043412532854819164,0.5435382173426461,0
0.18485445552552704,0.5446367834712786,0.021269410850387138,0.6331513755940223,0.08172534574677826,0
0.9695846277645586,0.040327002223986774,0.8747016726841994,0.951403342206657,0.45830064152865646,0
0.7751328233611146,0.7043630006370802,0.528937134027212,0.6016118201463312,0.484696287130047,0
0.9394989415641891,0.10381367754897108,0.9390676985128962,0.8191888594267902,0.16577454016327575,0
0.8948273504276488,0.12187594307077254,0.7987832357736654,0.8842064633484078,0.9456981470002823,1
0.5978999788110851,0.75330720531669,0.9979341105333375,0.22807977194893247,0.8499753714806619,0
0.9218742350231168,-0.19303426757520592,0.35071181545171015,0.21204483990822665,0.6690223373291083,1
0.0884925020519195,-0.7319695430987185,0.7671882889311269,0.6109809888509917,0.4622955610006072,0
0.1959828624191452,-0.942434647373322,0.40193091360924216,0.4110284698067047,0.4117655415845085,0
0.045227288910538066,0.510274511347238,0.47987562030390885,0.8398613028667203,0.6509734671509542,0
0.32533033076326434,0.24061910270692932,0.6275054632183701,0.9000231233980112,0.5454318694069055,0
0.388677289689482,0.40815953619844714,0.8736771141863388,0.3534213793027181,0.062273105881885615,0
0.2713490317738959,-0.5740716769821785,0.9840834691992951,0.23687055897448206,0.5125026487703317,0
0.8287375091519293,-0.7272570488264605,0.7682734138645182,0.7805255152438618,0.8064036172328395,1
0.3567533266935893,-0.9709106686642361,0.41776678216733376,0.2748060355481361,0.45923987759695806,0
0.28093450968738076,-0.29882488238680605,0.4213570022770702,0.8226143185136784,0.05195657755426841,0
0.5426960831582485,0.17983537370926617,0.7375823015888915,0.42373825364876283,0.7862781993840331,0
0.14092422497476265,-0.21551190980053536,0.23877714576830233,0.6675498992914705,0.2013637821359744,0
0.8021969807540397,-0.12505015595254187,0.11047411313139466,0.09553531383466818,0.2586208348880388,0
0.07455064367977082,0.8083173889874968,0.35462215764077654,0.623859324676573,0.1647063534322959,0
0.9868869366005173,-0.3034890659533993,0.28723899165408173,0.4517676787372291,0.33021506487149754,0
0.7722447692966574,0.027978978319621595,0.2963081204559901,0.5866084631754741,0.756751505688635,1
0.1987156815341724,0.5673060254822861,0.23360775104990994,0.16801420774486342,0.5193858595039373,0
0.005522117123602399,-0.20691443535745968,0.04209318963636188,0.7368737449441821,0.20488127415071256,0
0.8154614284548342,0.24417340045574698,0.01787393473341381,0.8627970775432285,0.8778300781520408,1
0.7068573438476171,0.7247274174934903,0.9877223897360315,0.21673980009077565,0.8795818549515292,1
0.7290071680409873,0.8990412473152842,0.42777313373586234,0.09571455552016173,0.8705784250460069,1
0.7712703466859457,-0.7058530381419241,0.3843266471596817,0.023638586046336396,0.23879621138153928,0
0.07404465173409036,0.8531752503229888,0.6796472826930698,0.641971500443266,0.4512393441809881,0
0.3584657285442726,-0.015767413840923616,0.21825388786506417,0.6070940360887808,0.9849896561408751,0
0.11586905952512971,-0.4835112234020833,0.9499611839502253,0.54669741271407,0.7720124763099904,0
0.8631034258755935,-0.08172848752347739,0.786345014415552,0.23194709611597542,0.027167421225559818,0
0.6232981268275579,0.9600651505709541,0.08941100231225951,0.39090599590551467,0.06520459126049205,0
0.3308980248526492,-0.014763812014260802,0.41758077578492836,0.594476335186173,0.46393137681233276,0
0.06355835028602363,-0.3424967794249836,0.8791183075621647,0.4967668588591694,0.9092202058615602,0
0.3109823217156622,0.26680170863345154,0.9447320222914103,0.9877855202148873,0.5387017979527142,0
0.32518332202674705,-0.5197087624436139,0.4674015112498697,0.13643975255673313,0.4978125080342902,0
0.7296061783380641,-0.8482733437826722,0.6134113892107077,0.6951445540475938,0.10547369995663058,0
0.6375574713552131,-0.7422405561787015,0.16703394609207523,0.4043187681042921,0.656780104724294,0
0.8872127425763265,-0.7439083220844551,0.9911686261369765,0.42819961492561476,0.8221031606002255,1
0.4722149251619493,-0.6961946129754113,0.2316717013834434,0.7175977656581762,0.38042000750756233,0
0.1195942459383017,-0.7223456547011797,0.9427317741351257,0.6924361513243696,0.7756118509253275,0
0.713244787222995,0.2817494896064292,0.6496466489923685,0.9912559937021883,0.9644766539008116,1
0.7607850486168974,-0.6362398312017103,0.6077367948788591,0.12839428945412523,0.2037664591276891,0
0.5612771975694962,-0.3086654333522736,0.5126885110165086,0.10410964938416634,0.5233296311947413,0
0.770967179954561,0.7935768198120237,0.2306698117177587,0.7243388171287412,0.28713795808457554,0
0.49379559636439074,-0.052076719474255295,0.17652803200550826,0.5783869170064091,0.7928544190338394,0
0.5227328293819941,0.33511547704205435,0.22048620907017535,0.27416066655980587,0.5775933658811575,0
0.42754101835854963,-0.6553602575967403,0.18643826214425452,0.0794193689889866,0.6345824175503038,0
0.02541912674409519,-0.6154219623826584,0.7795844735667533,0.08565824959643054,0.7979141596158941,0
0.10789142699330445,-0.9182627674670423,0.3501252591667301,0.8941908746641183,0.3959704726624549,0
0.03142918568673425,-0.6621298738556709,0.05784267656339637,0.1918673247187429,0.9150900684070432,0
0.6364104112637804,-0.44281932193608275,0.9691026301408113,0.32337156211552076,0.53302886724614,0
0.3143559810763267,-0.6459790314465064,0.8837858849634257,0.22665640222698802,0.157954822835348,0
0.5085706911647028,-0.8225949324858888,0.927752283195213,0.3549963058319373,0.6958991181688025,0
0.907566473926093,-0.7587282577987984,0.9949078226464353,0.06942384274609337,0.7932613504382544,1
0.24929222914887494,-0.07844246393454846,0.1738952492194873,0.5190597909082704,0.31676167706752667,0
0.41038292303562973,-0.587332563188415,0.39624201890265875,0.0676125635922149,0.857179256998753,0
0.7555511385430487,-0.2714602779038491,0.7582384757040913,0.8003565078223616,0.9061432547657664,1
0.22879816549162246,0.0068345417097137595,0.6960206180537922,0.23371208191043302,0.2769044873778089,0
0.07697990982879299,0.3807896572587306,0.15389590633985506,0.5400119146045106,0.9835214727152221,0
0.289751452913768,-0.9213757203178021,0.8158331249906178,0.8800790875614583,0.14071152804875842,0
0.16122128725400442,0.5988207978180853,0.22444057183666066,0.6508773690471942,0.20201566840248997,0
0.9296976523425731,0.2558007789818155,0.22381761482262308,0.5329577865513353,0.18422483923802613,0
0.808120379564417,-0.8364819361022562,0.5369744228934136,0.3243337531153756,0.8939897100078704,1
0.6334037565104235,0.7471572482135544,0.5929399348417032,0.33300191305819793,0.6542925523249619,0
0.8714605901877177,0.8417448010636264,0.5800862078378112,0.6694869551981901,0.15210428322227287,0
0.8036720768991145,-0.8778440802902725,0.09148683739775487,0.9941393612211675,0.440323418368349,0
0.18657005888603584,-0.44624470370559255,0.8774608626303804,0.6618391898493786,0.615298025069802,0
0.8925589984899778,0.6124025595861227,0.26560004258870606,0.5577834173700249,0.08346408498938329,0
0.5393422419156507,0.4965193807673167,0.12951492128280417,0.7306505102392461,0.8824163684073387,0
0.8074401551640625,-0.6309579612872454,0.8887480798689772,0.46520561228371815,0.8036035354415352,1
0.8960912999234932,-0.5813013533265794,0.9556514982297534,0.060142342600785215,0.5052067735766382,0
0.3180034749718639,-0.25905579441723603,0.8621276172654506,0.5622968158779098,0.9671266152591704,0
0.11005192452767676,-0.030954029617957346,0.8095160747248781,0.9576252845053802,0.4177609792750997,0
0.22793516254194168,0.2365095430605919,0.6552419806390217,0.17530294235765964,0.9841103190364978,0
0.4271077886262563,-0.2621727208604552,0.5508573706091393,0.6900048908206657,0.6679199988036271,0
0.8180147659224931,-0.07493056773370421,0.08698675991141014,0.20093368865905648,0.6346712732539415,1
0.8607305832563434,0.49494187626751307,0.4084532130706987,0.5358276844730813,0.165954895295785,0
0.006952130531190703,-0.9266335942188042,0.372688517012314,0.09667644964671962,0.881927758304644,0
0.5107473025775657,-0.4951261113119585,0.2597537837603262,0.45037093625818514,0.42748968792061515,0
0.417411003148779,0.4266991717691049,0.7234201136885849,0.7561633288952461,0.16223340578247936,0
0.22210781047073025,0.7904136753743987,0.4958757350787708,0.3475715242389821,0.01260751997575904,0
0.1198653673336828,0.02335488423133225,0.08104621590764793,0.664911724487218,0.5597556836383826,0
0.33761517140362796,0.06422697053063131,0.22018320194981134,0.7954499607897292,0.5273996221226763,0
0.9429097039125192,-0.7856559773204479,0.6832587636595959,0.9271778194794527,0.7193536223691586,1
0.32320293202075523,-0.10517526635309071,0.07613085949030018,0.23464208185545354,0.8902580530178021,0
0.5187906217433661,0.06523453291004633,0.8512069140487687,0.39931591580930814,0.07940658464302952,0
0.7030189588951778,-0.5150589927305407,0.4951465270139743,0.15241601333041743,0.7314964903403623,1
0.363629602379294,-0.4615135381012381,0.480586577326648,0.9924835021583752,0.18741194409758222,0
0.9717820827209607,-0.2454316737907547,0.5924077846595176,0.9270009679242953,0.858177053157164,1
0.9624472949421112,-0.9598576044445473,0.8246809659251492,0.5399571302805596,0.8190635138616561,1
0.25178229582536416,-0.35584166883364343,0.34780920790219305,0.8420332943764213,0.5407937549855444,0
0.49724850589238545,-0.5771039860069107,0.6780161525590636,0.5209579772720422,0.7102427986233115,0
0.30087830981676966,-0.3450052956441707,0.5657319639957911,0.6235856880027597,0.3143501131837484,0
0.2848404943774676,-0.7604757363614976,0.2670282701694213,0.08912443211601662,0.47116789893281463,0
0.036886947354532795,0.7810545614797899,0.878629986355158,0.7552704204968079,0.8216368977104717,0
0.6095643339798968,0.18718490710809732,0.7974260216069281,0.12771348363523483,0.4592651971732139,0
0.5026790232288615,0.3582046382889792,0.6584518346584255,0.8260676302525284,0.3577982653254418,0
0.05147875124998935,0.5783424772146766,0.8505817290942419,0.7820280876703859,0.4942124472502999,0
0.27864646423661144,-0.003115602141885443,0.8672942009598024,0.7087446977429764,0.8282492524372184,0
0.9082658859666537,-0.8261594238251526,0.7083629767150348,0.036160380524762115,0.33520804737087273,0
0.23956189066697242,0.07421308363709556,0.837013328363672,0.3031283559453286,0.1737615931357438,0
0.1448948720912231,0.17368223604175825,0.6974714616692836,0.26311256991084286,0.7120140203307808,0
0.489452760277563,0.49087894836866,0.6801407717603004,0.3601364074715191,0.8259782127080818,0
0.9856504541106007,-0.13668090754064122,0.6186113782151843,0.08764274676383854,0.10063747852353333,0
0.2420552715115004,-0.7448393944088725,0.7527166395576412,0.9369578230310628,0.23987411275594472,0
0.6721355474058786,-0.43244818840255106,0.1586051052930737,0.5538022407123763,0.1419719897609939,0
0.7616196153287176,-0.2738354072027298,0.8808707591989284,0.30552431065802355,0.3479414115821666,0
0.23763754399239967,0.29183448266320244,0.871843527745232,0.3969815170742834,0.45035097890541265,0
0.7282163486118596,0.14155660933782377,0.029247283034559146,0.44720254050483565,0.7488263369633065,1
0.3677831327192532,-0.2878065482043075,0.8258167505647627,0.6005943333606173,0.6511475848816741,0
0.6323058305935795,0.9730304975859594,0.1288698674734452,0.5156794276964978,0.6209285674784312,0
0.6335297107608947,0.2115496387137743,0.3351188542591419,0.9193919732144173,0.3523749466096544,0
0.5357746840747585,-0.525546416528011,0.7435082562916078,0.49696348290583026,0.8414475530847599,0
0.0902897700544083,-0.7964350547591925,0.1607598960483082,0.9921580148233127,0.47128716739816456,0
0.835302495589238,-0.694281721631336,0.8179670241190622,0.8514249577450957,0.9791049380151545,1
0.32078006497173583,-0.5080845432309837,0.8321341779577419,0.2085105143573358,0.6341421382957368,0
0.18651851039985423,-0.6786372534808887,0.5074677337608362,0.9305952146439163,0.12626474156450274,0
0.040775141554763916,-0.6268659518973885,0.00638587171683358,0.11636639788547609,0.676177562075434,0
0.5908929431882418,-0.4298096626123058,0.2870381331749128,0.8174497084911916,0.325104015431699,0
0.6775643618422824,-0.6532528094104904,0.6169269183757422,0.3806232934765801,0.6863271966860974,0
0.016587828927856152,0.7935308492528503,0.9811861780274235,0.8779743204450695,0.06964114816240574,0
0.512093058299281,-0.8395325086767156,0.6318135270166684,0.8680566901074503,0.1748814371759594,0
0.22649577519793795,0.04902277914050934,0.2598035810641598,0.8059254001176211,0.8557372589057863,0
0.6451727904094499,-0.17920634602067698,0.6340057030996114,0.7900304363070614,0.2271795570235149,0
0.17436642900499144,0.9647572338172128,0.5399853797158555,0.3046791390980408,0.83704112524294,0
0.690937738102466,-0.7759221956638953,0.7798453951511436,0.08091928305125218,0.27927608845441043,0
0.3867353463005374,-0.20428880190851673,0.10698063882695841,0.40298017876516146,0.6428819100587077,0
0.9367299887367345,0.9389408665507377,0.761027902502028,0.17352451498650867,0.694150573509831,1
0.13752094414599325,0.7310142517879605,0.5412665786761103,0.6949510889024617,0.5126547531450529,0
0.3410663510502585,0.6341441418985598,0.9629920038589946,0.34609972653778553,0.3053106766967313,0
0.11347352124058907,-0.48419434591012034,0.3418721660386861,0.9756102008599149,0.21264437637109612,0
0.9246936182785628,-0.6582248252198684,0.6326218931339481,0.640972077345332,0.03318935456242622,0
0.877339353380981,0.337286439848862,0.9320281055100175,0.822480563634361,0.3039464012407238,0
0.2579416277151556,0.8587519782551716,0.10250972799067926,0.13252467274184843,0.653162790531283,0
0.659984046034179,0.11352578602785957,0.9372284872364511,0.8620144822726226,0.9383048184484827,0
0.8172222002012158,0.1432253789397997,0.6878857223008134,0.9227571905133943,0.871204482263052,1
0.5552008115994623,-0.44004181267943165,0.0678370591051719,0.4870619188189359,0.7660647765353026,0
0.5296505783560065,0.5389858663838738,0.30096356694681625,0.6062529377509774,0.7884473432532987,0
0.24185229090045168,-0.6259125028849533,0.7081720886452816,0.7648098009029954,0.6649849034759953,0
0.09310276780589921,-0.35264152719151265,0.0673506014687717,0.17483862726041255,0.260286857566003,0
0.8972157579533268,-0.14912712276716644,0.5821704601762733,0.5025660764634424,0.9071950307058299,1
0.9004180571633305,0.015220757368910043,0.34588305695295674,0.3986630277723131,0.670732311905834,1
0.6331014572732679,-0.5151805351698395,0.6209155177674771,0.1463739921622491,0.56044063098044,0
0.3390297910487007,-0.7703263505215929,0.04574203381251285,0.36753442229153144,0.11098946921348107,0
0.3492095746126609,0.2212400848832652,0.8715368061523763,0.06817230938549357,0.4470555438064254,0
0.7259556788702394,-0.42273889351948846,0.9734889691773969,0.025811906949486985,0.4603582712019263,0
0.8971102599525771,0.16247644284522456,0.9688778552856915,0.13516628915482276,0.86456360952267,1
0.8870864242651173,-0.6912745694515954,0.7496518317429247,0.9631151115891738,0.5466482201877885,0
0.7798755458576239,-0.03771979629036504,0.13008624013063197,0.549529535895017,0.38040054897040965,0
0.6420316461542878,0.06517886510317172,0.7582631959290226,0.96582216115322,0.9768003285106593,0
0.08413996499504883,-0.8963529263551462,0.02458691645880151,0.432497878330132,0.11072059332631567,0
0.16162871409461377,-0.32679144361215884,0.022123551528997254,0.3118161330852596,0.4225484283119446,0
0.8985541885270792,-0.7311706461220515,0.32361021914954125,0.5061418628402441,0.04202467517140529,0
0.6064290596595899,-0.8732500590544645,0.48864319040466575,0.4395116886329101,0.7399041207669304,0
0.009197051616629648,0.9799204647798905,0.7704074178077932,0.10566468426174391,0.9180765521991506,0
0.1014715428660321,-0.35529231005055406,0.6832953766065052,0.6408263146902062,0.28003732955048943,0
0.6635017691080558,0.6197488917092697,0.44590270637674834,0.2160381825095996,0.8583416767991209,0
0.005061583846218687,-0.4907186904724723,0.2736266662816659,0.6195879548978296,0.29221823046189777,0
0.16080805141749865,0.36300544444785854,0.9971245001577111,0.6502010923981534,0.9107701616439152,0
0.5487337893665861,0.5204557197793731,0.42618130223597295,0.1520248531286481,0.7539619035967839,0
0.6918951976926933,0.19127748121568855,0.4513870243296755,0.06134962711066816,0.8049067768414386,0
0.6519612595026005,-0.05684762289968326,0.16362382119166918,0.7807615860684398,0.0180065556004545,0
0.22426930946055978,-0.17631817170546293,0.7948095487499294,0.4598004237693202,0.962810357074026,0
0.7121792213475359,-0.3022634669140094,0.6936822257814886,0.05816379550547579,0.7266709920703233,1
0.23724908749680007,0.8590582884956517,0.2207696127887604,0.9948663171697671,0.3047510953861333,0
0.3253996981592677,0.6612388155754583,0.0823810456158427,0.05778056099636664,0.8293946648588469,0
0.7464914051180241,0.9300538213330252,0.6804993020747131,0.6950352288585532,0.28152119841492995,0
0.6496328990472147,-0.7514055530289105,0.6545112142811352,0.9836789252634136,0.872753839566128,0
0.8492234104941779,0.4617349504072885,0.2732595269982093,0.23918010421592562,0.11258039041193701,0
0.6576128923003434,0.8766809136420757,0.9508635622504104,0.14224936868719618,0.7036859774607958,0
0.5683086033354716,-0.6375338676686797,0.15105789178090023,0.1213849394224289,0.5406984766449103,0
0.09367476782809248,-0.867007465266445,0.4323348010426019,0.30327514756759555,0.09653447019544081,0
0.3677158030594335,0.4822412985801181,0.9436159201675989,0.10104581101064669,0.24189382825883898,0
0.26520236768172545,0.1489462263598238,0.4197273169261223,0.6921613416941319,0.01240403627731479,0
0.24398964337908358,0.6836575535165441,0.6385259476640855,0.06229179813006269,0.46876796546450583,0
0.9730105547524456,-0.720455246747421,0.3975943979627943,0.5094221281497897,0.3012652607600004,0
0.3930977246667604,0.5905346237197804,0.27421520234867003,0.9966968538529768,0.5983574842977588,0
0.8920465551771133,-0.5967453599045109,0.9839776479598282,0.8139702695060188,0.2972378077086172,0
0.6311386259972629,-0.672688114268591,0.409334006315043,0.6152194382310109,0.2999191115069847,0
0.7948113035416484,-0.6714684041380141,0.8940992036791344,0.30625362078661167,0.7431931987316034,1
0.5026370931051921,0.6291494404627642,0.22995460589108618,0.6238958362916385,0.04814283597835345,0
0.5769038846263591,0.33039444139240026,0.2131047040250833,0.5270414639116516,0.9028949951919872,0
0.4925176938188639,0.04613084953823865,0.03113408288451136,0.4260833838903715,0.8522638743911815,0
0.1952429877980445,-0.282339031752995,0.651666825375885,0.13071037674019947,0.6678046832264065,0
0.7224521152615053,0.7544010816262166,0.36852634372376114,0.8866042152404667,0.5932215701073843,0
0.2807723624408558,-0.21510978515472923,0.864358249839637,0.4497846488213225,0.8923024981396522,0
0.02431596643145384,0.6331988789431542,0.47320990669155716,0.19462251182076507,0.18533017952871444,0
0.6454722959071678,-0.12173018285956316,0.9681934279147217,0.3677593508772896,0.07896916219082861,0
0.17711067940704894,-0.24611114115018484,0.18552551570312115,0.41412975252892703,0.2395101699095381,0
0.9404585843529143,-0.07464042866078713,0.8686231679556108,0.8275378955668743,0.7945782787001903,1
0.9539285770025874,-0.39724425167171584,0.7765968527917417,0.733614380561402,0.03467026672648332,0
0.9148643902204485,0.49521876035250223,0.770921844644052,0.7693048936413398,0.5828068350834896,0
0.3701587002554444,0.005440780184958305,0.8447832281168877,0.011031264428647214,0.9954375161913099,0
0.015456616528867428,-0.5355746097063654,0.7610239909429989,0.4161539981797615,0.8556960938375394,0
0.9283185625877254,0.7991491465491369,0.6262203216314154,0.4813441516353236,0.5214456890435895,0
0.42818414831731433,-0.23221755725357718,0.13124487768238757,0.019192276823056686,0.06364090928664234,0
0.9666548190436696,0.08710572222797719,0.032526179491251916,0.2598132087450342,0.8313735143857098,1
0.9636199770892528,0.8129442219290939,0.9208478478156868,0.760289823122135,0.5989785081772105,0
0.8530094554673601,0.2484759918279842,0.616650314520738,0.13710970572899905,0.11493299705956683,0
0.2944488920695857,-0.7662039185832719,0.7965372909761763,0.5353101314525917,0.0938572848233562,0
0.38509772860192526,0.8796642472269502,0.4815223515125501,0.2152018720172375,0.9096268194365924,0
0.8511366715168569,0.2554161061428357,0.11730818896239448,0.012120774643893273,0.6692002629380784,1
0.31692200515627766,-0.33018877068582775,0.12518579220255044,0.24120145759954148,0.8292867993167555,0
0.1694927466860925,-0.7214558546732255,0.6855652872289714,0.9758737549100538,0.8789789002822673,0
0.5568012624583502,0.588050378540592,0.4303058948994627,0.8015371118829896,0.5717723520483222,0
0.936154774160781,0.24014551185702704,0.20052472670033672,0.9595766443210334,0.5174463517550413,0
0.696029796674973,0.06692218395264304,0.4915945467414369,0.48785404392636245,0.4304274103209902,0
0.570061170089365,0.7877851661019153,0.06420893707513409,0.1097361986775035,0.3169465877911193,0
0.09717649377076854,0.5771944224490615,0.5819714019143988,0.547959488973693,0.43459596085871177,0
0.6150072266991697,-0.6966502405344976,0.26899340443509767,0.4543773345599609,0.7738796557301564,0
0.9900538501042633,-0.37655586440890354,0.7975591006371882,0.844357082739616,0.6019234310151316,1
0.14008401523652403,-0.5030217203710685,0.31036195892357377,0.09808258078424459,0.8925232899548461,0
0.5183296523637367,0.48789258514535394,0.4552201490818012,0.4882411370217782,0.4433800143791877,0
0.8773730719279554,-0.9329351305284412,0.011620539908100636,0.15004866469398426,0.607089578718754,1
0.7407686177542044,0.13977936974263305,0.07244688779455888,0.32467592689006,0.6313075530919887,1
0.697015740995268,0.5249173714813811,0.3924935564066848,0.7373570773877997,0.5916971623063255,0
0.7024840839871093,0.7535312735234989,0.4799388347171235,0.47601812936876653,0.7026337730855163,1
0.35949115121975517,-0.3158365025681851,0.6000205481193037,0.37588828514576933,0.23743346837480628,0
0.29359184426449336,0.6425146093440257,0.29166257870930323,0.3944762785700353,0.5123637775457907,0
0.8093611554785136,-0.7787365260895855,0.6949818861265425,0.45944676840598664,0.10422480280834767,0
0.8101133946791808,0.6929045834690364,0.8601223971892046,0.7850165438370569,0.38451132764481255,0
0.8670723185801037,-0.7450226753360352,0.7798509888933498,0.8920846889402344,0.4876670686212644,0
0.9132405525564713,-0.20542541887926546,0.039618825348357145,0.9553346865039283,0.6522242595454725,1
0.5113423988609378,0.5945907315591072,0.48050694725782894,0.7869033862552951,0.9505310525862035,0
0.5015162946871996,-0.7001651453024524,0.10493017841817487,0.31540689574801273,0.6006510665483559,0
0.7982951789667752,-0.541497209534717,0.24204501586252747,0.6881347060865421,0.7435939161765598,1
0.6499639307777652,0.44450513678613257,0.9866625932671464,0.4376031240553919,0.5062660594952028,0
0.7019668772577033,0.4400730730921487,0.14249554290151323,0.2546706220460512,0.6341040313763313,1
0.795792669436101,0.2822952657705946,0.49888815345135606,0.8408715794259226,0.07093221613377343,0
0.8900053418175663,0.38789688893420005,0.6181557343181191,0.038426348962324997,0.254391580841847,0
0.3379951568515358,0.08544888669519235,0.702464970544104,0.9017619921354235,0.3618530932051387,0
0.375582952639944,-0.4964018821860945,0.5596486834869141,0.46147746462473416,0.47249335500651357,0
0.093981939840869,-0.3086080129921611,0.00977084741918366,0.6372014768082804,0.045648745502383736,0
0.578280140996174,-0.6368045663971487,0.3264613082439919,0.6593539222057827,0.14002409755331768,0
0.035942273796742086,0.8169011226672567,0.5177116433847114,0.8951177407065364,0.2768143077913058,0
0.46559801813246016,0.16678358953224093,0.08786649914483335,0.6366696821672073,0.9715326909010507,0
0.5426446347075766,-0.19829716647272022,0.35062693120918076,0.6139335847600618,0.33134700710305076,0
0.2865412521282844,-0.07598839271173463,0.033203108791366565,0.06665204056068996,0.48204105811208253,0
0.5908332605690108,0.8945666792236306,0.07857849715502074,0.5184080219452041,0.19609771273839294,0
0.03050024993904943,-0.6932971937678396,0.39692327620159606,0.15016900081704165,0.6107800710757683,0
0.03734818874921442,0.17245966403359447,0.13271575404306035,0.7374337687214856,0.2806832155159743,0
0.8226005606596583,0.011777357768931962,0.5675408482615582,0.5122219208126745,0.20699257843842678,0
0.3601906414112629,0.22290847086929566,0.6894649691372657,0.6802277792083533,0.5165726284459791,0
0.12706051265188478,-0.963779632358319,0.8005866991090829,0.041672900602384266,0.005505799160420821,0
0.5222432600548044,0.744247817888303,0.2001502442448101,0.08479201604580322,0.0076640326492253275,0
0.7699935530986108,0.8642365649672248,0.16748258225906976,0.7163233880626823,0.21906880910185778,0
0.21582102749684318,0.13026636717841789,0.10456784033440025,0.07208433599867337,0.03672136250082114,0
0.6228904758190003,0.3933016477537845,0.6364302495436367,0.0712567277652586,0.10802575413069138,0
0.085347464993768,0.8449987623545914,0.7064757264869012,0.01210847523488745,0.3388606493387516,0
0.0516817211686077,0.41447726862679724,0.03158614482564204,0.9565013982994801,0.8025856795798129,0
0.531354631568148,-0.6949219141714773,0.9362122462436898,0.737508359459007,0.5720486433693008,0
0.5406351216101065,0.15257672033362635,0.05197128365147241,0.35325140850206416,0.5126677259564164,0
0.6374299014982066,0.2134300927657118,0.5412963353010705,0.2965355812876552,0.29348882320812164,0
0.7260913337226615,-0.15173865739522796,0.7090605194509164,0.34970322974584955,0.9317537194328164,1
0.9758520794625346,0.47288847124944566,0.8709691237460856,0.7746535311811819,0.39701504123719167,0
0.5163003483011953,0.8687340295380297,0.7140869321324278,0.6613706110704144,0.08709276679577149,0
0.32295647294124596,0.8511370258135527,0.8017280830697918,0.18519556786746794,0.6170665161178013,0
0.7951861947687037,-0.09832125719173579,0.33945019254280606,0.17410933533408435,0.11383839347660141,0
0.2708322512620742,-0.7735239083184895,0.8148251137465122,0.09839564971339732,0.3452231428016921,0
0.4389714207056361,0.9696823979246691,0.08011484638467514,0.6603027197013381,0.5074119387178089,0
0.07845638134226596,0.6777961728918682,0.8948166560605276,0.7643726622217359,0.8742225246851758,0
0.02535074341545751,-0.7506746375934663,0.5475923761537362,0.265046428325004,0.49354658034011867,0
0.9626484146779251,0.8416837652347446,0.8172977699624937,0.020944961030912812,0.7022587660316643,1
0.8359801205122058,0.7397927241242566,0.45231828451830014,0.08217166747642735,0.9928168389990704,1
0.695974206093698,0.03767611425214423,0.643577695196525,0.9678600348450305,0.13148911989798162,0
0.4089529444142699,0.1825508714898585,0.5264026609361132,0.29544477747742026,0.2747315255195195,0
0.17329432007084578,-0.20199459225973948,0.7315895217553319,0.7692231478381336,0.3945760755976464,0
0.15643704267108605,-0.8904767223559373,0.08162998203058958,0.6246635688542638,0.42182817853883137,0
0.25024289816459533,-0.32960551670819815,0.0603520839905638,0.3819396396528959,0.41102107526554577,0
0.5492266647061205,0.6057068971960229,0.24710323401014644,0.2056872621955551,0.9076110025565549,0
0.7145959227000623,-0.9907359539907943,0.15954468011318834,0.12138641815940643,0.7140326444668564,1
0.6601973767177313,-0.33300165661771164,0.8717835665922017,0.6150129680388666,0.6079052140907037,0
0.27993389694594284,-0.20366261281811338,0.21921398735804432,0.774633780637788,0.3093727178627821,0
0.9548652806631941,0.07479120587584576,0.9758652558191313,0.6439042535411307,0.8237903842212947,1
0.7378969166957685,0.839711232825521,0.33689579177110685,0.5303021332491583,0.9550605114849889,1
0.5543540525114007,-0.3073080112680775,0.18211791568869928,0.041951223431636264,0.8211982825502265,0
0.6117207462343522,-0.3060935962075446,0.7896985071424791,0.9684887775943838,0.0015651051914729042,0
0.4196000624277899,0.47500249621949675,0.6587077755008761,0.7987141916545746,0.636401370183407,0
0.24773098950115746,-0.09556411822038569,0.498195716453139,0.29282203670096474,0.051135381442100725,0
0.3559726786512616,-0.5507903541200361,0.5553635509376312,0.9799703293588506,0.25760722033372185,0
0.7578461104643691,-0.0951209677346132,0.7192017782722638,0.6018815896363221,0.059524700347771686,0
0.014393488629755868,-0.7182859592404003,0.22845474133129873,0.5824226582072465,0.6037954529493877,0
0.11607264050691624,-0.6472260269875534,0.9963339160567419,0.7480731794295321,0.6865899134926068,0
0.04600264202175275,-0.0032644545210405163,0.9747931621467831,0.8117697880901376,0.11448763806590512,0
0.040728802318970136,-0.16214910099090418,0.6503256863469369,0.6564786073315027,0.3838388830449795,0
0.8554605840110072,0.8296918021362001,0.19954245092914513,0.12809574636620003,0.456236508955542,0
0.7036578593800237,-0.2752122017667338,0.6802282424312913,0.3382675059944984,0.3690530217609166,0
0.4741738290873252,0.1611767005560869,0.07219840897917584,0.9280836403260497,0.12102500048519305,0
0.09783416065100148,0.26452857583906075,0.030652502205806065,0.22461561184385193,0.4189477901874754,0
0.49161587511683236,-0.9738110868233327,0.2576828885112137,0.3721670238375133,0.7511780478084181,0
0.4734717707805657,0.3270747440334212,0.4626229567393163,0.432076882944196,0.07100766453325547,0
0.17320186991001518,-0.6439280662604971,0.8682725054083805,0.4394049896944522,0.08018001408190345,0
0.43385164923797304,0.9221406349389103,0.727169069766308,0.6129395824945255,0.3547712918359842,0
0.39850473439737344,-0.7026745444937741,0.742706521199981,0.9430758377447076,0.941725711618925,0
0.6158500980522165,-0.17075175254595254,0.42549333444807536,0.24069271183250496,0.668572646722914,0
0.6350936508676438,-0.8293006638427123,0.3459349925469629,0.12150137630091806,0.6786699566725648,0
0.04530400977204452,0.9937485036918947,0.3710387629846027,0.19747048985993731,0.36191999083786497,0
0.3746126146264712,0.004390020662485172,0.9876495637360578,0.8869249002092695,0.5936607912085384,0
0.6258599157142364,0.19077003464008757,0.04010919141248248,0.645810812655206,0.010131184027743378,0
0.5031362585800877,-0.865847045223145,0.8670314961224486,0.28590678923916013,0.6360960464095422,0
0.8564898411883223,0.4999209407983556,0.5786754085723934,0.8159469389686173,0.9132869475762367,1
0.658693631618945,-0.5801888138088285,0.43861541918959046,0.861369996363436,0.6125734683448192,0
0.1629344270814297,0.7961085788814275,0.7252576604151365,0.846514338690278,0.873698593466345,0
0.07056874740042984,-0.5897207190359857,0.48666894142470285,0.9189265336395545,0.7239730554660938,0
0.6424192782063156,-0.6186245586726669,0.8734232380816606,0.2522410201733616,0.12055841640369025,0
0.026511310541621813,-0.9269006643038102,0.9007018640112585,0.7550419287462783,0.9024533072858417,0
0.5857755812734633,-0.055866109780001505,0.4217209268734554,0.46053949727414,0.06644384435577488,0
0.9402302414249576,0.12968226652523285,0.2768277972350516,0.8419985528900615,0.5339674725477638,0
0.575474177875879,-0.8685827211432953,0.5923503285933622,0.7284906771616132,0.14213712379345766,0
0.3881699262065219,0.5510552333900212,0.912363345616691,0.7764474464997246,0.011706610730904066,0
0.6432882184423532,-0.09342233050394477,0.21066218900566658,0.6561618376810715,0.422034260127639,0
0.45825289049151663,0.04878053865516008,0.6229665835634828,0.17742876946970687,0.29504070765415624,0
0.5456167893159349,-0.11847450612354371,0.6315602200925206,0.5450269188969383,0.486000493797603,0
0.9414648087765252,-0.19847387824934803,0.733113022415281,0.9846697395245082,0.5771998867345508,0
0.38610263780077425,0.11928066261643577,0.1315676851272598,0.9373880664971189,0.04373907230894736,0
0.9611905638239142,-0.689519508138575,0.7158249646820886,0.04317373579701167,0.12300329512374564,0
0.9053506419560637,-0.6361437390094578,0.909032520665641,0.16481481572943713,0.5586423964504253,0
0.19579113478929644,0.7235712420270346,0.17968310887024197,0.1317287734545619,0.34316735317265823,0
0.06936130087516545,0.8922309242672655,0.23754332492387764,0.7259799099852955,0.729173487549448,0
0.10077800137742665,-0.2533813674404941,0.9713950940416396,0.8177853298569451,0.6522916485919397,0
0.018221825651549728,-0.45851065371289246,0.18097695270948977,0.2135113663106719,0.8456043629899068,0
0.0944429607559284,0.2879990864780315,0.8543850933695791,0.505852692951829,0.6924928266692253,0
0.6830067734163568,-0.1825316578038072,0.4922778564480348,0.8407030280112,0.42993107739014813,0
0.07118864846022899,-0.9492272886793103,0.24723107440317704,0.7328015447662506,0.6729666223944324,0
0.3189756302937613,-0.6876948052676193,0.8707499012725114,0.5422372054918483,0.2753811742554185,0
0.8448753109694546,0.43194445769479506,0.4453052550026655,0.5903476904587729,0.3063134987782127,0
0.023271935735825866,0.3178478838203027,0.5148173539296902,0.50836054691628,0.7889851599207933,0
0.8144684825889358,-0.945808014993033,0.3592333693997657,0.2975484513188206,0.4464195164015822,0
0.28185477477339993,-0.5560556761341011,0.5929508514349274,0.5650219928590161,0.7983803405183525,0
0.11816482762165625,-0.5378504068238572,0.16352387258502277,0.6888853020500907,0.8224223736682784,0
0.6967371653641506,0.34378548719745683,0.3910815366517607,0.8733229158608077,0.8575623376612838,0
0.628942846779884,-0.9605789244912717,0.9694123223352875,0.6362913539792481,0.9166352358412073,0
0.877472013527053,-0.7917828360308523,0.25813343270112754,0.761121537043158,0.43098522051329624,0
0.7350710438038858,0.5998321707463787,0.6567366645412922,0.160071634954573,0.31886681832113883,0
0.8034809303848486,-0.6429106758913328,0.3251900642246949,0.4615574744197899,0.5821987465941139,0
0.2820345725713065,0.3054922157037494,0.7734731256866006,0.009331619827093296,0.3711724234376276,0
0.17743954377972282,-0.523634437906547,0.13087366071834983,0.24667886452162302,0.601074166800233,0
0.7506147516408583,-0.8011172144813097,0.9698210450785447,0.7264617151130048,0.7055858626438246,1
0.806834739267264,-0.5136556180010918,0.45378954138363925,0.9918099513493635,0.6884050184921369,1
0.9905051420006733,0.4445338637113183,0.23605046334646396,0.0991780995872159,0.37455288702012135,0
0.4126176769114265,0.7113929362125715,0.07349674733001266,0.40149431586128825,0.16686020169875282,0
0.37201808579278317,0.6604397291339832,0.16975790508754074,0.8000709686991595,0.43052933846220753,0
0.7764129607419968,-0.20563294076309035,0.5197739485560177,0.20403563462889884,0.14259414408190874,0
0.34080354025301784,0.33617027314129233,0.3370031764312863,0.5550849493022862,0.8900970351838083,0
0.9307573256035647,-0.5900314091683581,0.8288833658826095,0.7330712960296748,0.3458774607378574,0
0.8584127518430118,-0.4137045394779735,0.43088752366180594,0.615985450260179,0.15445974722332378,0
0.42899402737501835,0.7926716370422395,0.2487142725876299,0.18802473461541613,0.025447759905750877,0
0.7508710677914974,-0.9739961529785279,0.61714498660403,0.3553845686857394,0.6458223862864843,1
0.7545428740846823,-0.8289829382910638,0.7067772168854458,0.7837917844853972,0.6369023174547432,1
0.10312386883593261,-0.5842274897079454,0.16704190790094986,0.5542265141320166,0.34060416658129167,0
0.9025529066795667,-0.9469355922523606,0.16761921628831766,0.005229613542912737,0.071711888847651,0
0.5052523724478571,-0.6371291298204054,0.03667142693354297,0.7609907600280938,0.409628894895232,0
0.8264574661077416,0.16608312193938435,0.7364020150656405,0.03531135494023907,0.3112174950633936,0
0.32004960103061175,-0.1571508988150041,0.6638045276218051,0.7457337827312321,0.6771206397350094,0
0.8955232284962005,0.7853434221539497,0.4746308757498139,0.2024805601652374,0.6057792494526903,1
0.3892016787341631,0.6348871234768818,0.8441704489691971,0.9580734801193802,0.36459372819754,0
0.01083765148029836,-0.31636529660424806,0.8056701529500532,0.3679407513020845,0.2178925542549901,0
0.9053819764192637,-0.48115313313741503,0.5853543643967521,0.3269316163380791,0.9880359661555919,1
0.09128667678613356,-0.2406151836654662,0.8682712805132586,0.14888805033244468,0.45400162119611487,0
0.31931363759041487,0.18058988502961548,0.20584121003676825,0.3056042154902149,0.688274235780237,0
0.9500619670508049,-0.4638727183542475,0.11191961939772788,0.8766507618282006,0.14055296757836078,0
0.9506071469375561,0.24829781569826803,0.2697496115169896,0.9963343376272473,0.4855896996593978,0
0.5734378881232861,-0.18117669561751915,0.05708685608931485,0.36830953050684834,0.027536719869465487,0
0.6318372121697993,0.10409436170396047,0.531169528001032,0.44861063095454257,0.50545511791045,0
0.44844552197831977,-0.12774694172936663,0.9366056922949615,0.722070938202737,0.9640174071177023,0
0.29321077169806453,-0.41106848091616466,0.03934354066850965,0.8861957804650745,0.3842067129858002,0
0.32866454536991596,0.8969066139243134,0.1221099140100268,0.5930443341867842,0.03899601257491159,0
0.6725184560770384,0.5272115883195216,0.4521990282834353,0.39152569817782934,0.03095579091934353,0
0.75237452943768,-0.7197736484670949,0.9338750175279049,0.41262184084862374,0.3879867599468695,0
0.7915790437258485,0.7369359517958256,0.3161561049767505,0.6956181464968069,0.16002493646319405,0
0.7896181427945539,-0.025137603500972716,0.5072348086883924,0.0032182636042786816,0.023352096328185912,0
0.09120610304869037,0.7891044537881828,0.0415728590503921,0.6195893374598407,0.7562136139501768,0
0.49442030470258147,0.5997105118946304,0.14834320096208886,0.3554930104413574,0.4585230088818907,0
0.057558760016644284,-0.1495729910615331,0.9866301229588469,0.7941973312770843,0.2892447719726545,0
0.5495288823237355,-0.9550613833597652,0.9651186964360455,0.09299063982313216,0.9000831830164807,0
0.441530501373377,-0.46264528123010784,0.004939980934409616,0.5882022669483905,0.11613896020052561,0
0.8877041827582998,0.08326842932173384,0.951811785423239,0.48097288988612374,0.9559188289553192,1
0.3509150125520787,0.26695643965229454,0.6391199378155004,0.6423255259052274,0.3139667173773528,0
0.11706701642760586,-0.48422462913359543,0.8679182945200221,0.06485359448296835,0.8884036723086812,0
0.14299168205283586,-0.7212878518543517,0.4547398556338591,0.5799837874281313,0.6029428764794615,0
0.7615106317174722,0.6698604735985982,0.5155960285792502,0.5614845879595237,0.8267073597414875,1
0.6182180633162611,0.9688043614071042,0.4888465802569202,0.5606600944161709,0.9840131632104643,0
0.10112267612279024,0.05138036460537165,0.6668642575461043,0.6034876665964548,0.2884054378187457,0
0.08410680611499743,-0.656641428303393,0.1396512547563129,0.6764679372263622,0.961135485407593,0
0.70096913145912,-0.4553853469612621,0.029973589872677953,0.8049889996807698,0.38948189490242036,0
0.07276300636419353,-0.9632186469050665,0.3079299415911909,0.26982072012821434,0.3855119047369223,0
0.8218600592903562,0.828597613120998,0.7046807627366467,0.8250494101800621,0.3403871042545057,0
0.7062422271564962,-0.7644978342197177,0.20185345212294836,0.4982556822634536,0.5414076073475852,0
0.08134878064189976,0.1530329510285071,0.6734324333249173,0.07705827913433116,0.1541450431784871,0
0.08483771408519192,-0.451889558625588,0.9699120461072704,0.0585509292439792,0.5537114853580112,0
0.9866395785011755,0.10835600503158682,0.09390071578941839,0.3342383186960608,0.541704812410004,0
0.3742707957561203,0.30284077670372844,0.6726021182251263,0.7848969771114676,0.76190181260487,0
0.3706421470668909,0.6594836074144033,0.44375021930457115,0.7076809347409158,0.8336499619375856,0
0.8127995672575026,-0.5871574564787936,0.8681422543775054,0.7886149646724064,0.44044135031242404,0
0.9472485773838587,-0.978008342683039,0.1771497894473859,0.5172690564416094,0.30233324935149375,0
0.9860010638228709,-0.7262287398623855,0.6926259522261645,0.44019899795549056,0.25933489731709447,0
0.7533781852589416,0.8000372836962102,0.8381152896481102,0.14745252670628395,0.19462383670487193,0
0.37625958553091576,0.7477801551250305,0.9446142194740232,0.32819275360931155,0.05764758219902488,0
0.08350071669866876,0.1948262043406166,0.6832480282896458,0.43401936617387527,0.34244797883471334,0
0.7771469159274368,0.20103372086730675,0.4971747640084273,0.08860042967961723,0.27024769213078326,0
0.558404249735805,0.33007334909251096,0.6178472402012138,0.22061195271121126,0.9664173858664074,0
0.4242220092469763,-0.6492574427531008,0.8689049844787182,0.5982252940637388,0.5577088262500439,0
0.906354385094736,0.8288238918499196,0.5706097466388297,0.7356631142391898,0.34727703903050755,0
0.11119748230615134,-0.16245895021585377,0.03038705969683686,0.9983475113929496,0.580467600993696,0
0.49262510429085915,-0.2337229435010051,0.9309486955069778,0.9331133313435577,0.1391967013456955,0
0.011353644767419069,0.037835410565675076,0.6895267510315611,0.6425651995351915,0.4440437492022029,0
0.46866064199412627,-0.9060680664498899,0.6765133857772465,0.421248053294072,0.6262343214210638,0
0.05630327568183735,-0.6674332624878412,0.21567515239771717,0.6361773647082327,0.4888978317924514,0
0.11881791626807192,0.4760672328527409,0.6588854702326572,0.785651618080232,0.40177880065432425,0
0.11752624677710488,-0.8344026641497471,0.3938644056541585,0.11833619092338732,0.9938483888996982,0
0.6492103021160636,0.2063042189327764,0.6512329770414921,0.40990488969628824,0.880314762148927,0
0.7460448792654233,-0.5093017806373581,0.10659303030799072,0.8398022856356172,0.6234059581594401,1
0.5833687650971596,-0.2214087719160469,0.657845304603036,0.383832951933044,0.5693773611822828,0
0.9621725484745419,-0.42261252645860026,0.9994137257706666,0.5718722712271865,0.620660479824584,1
0.37487057952370406,-0.28865456707010173,0.04821203886055603,0.5877693608621982,0.20131210782243325,0
0.28571208628186073,0.438091810368491,0.9771741842213173,0.18447625313363936,0.3951377432643186,0
0.8685991281894603,-0.40575656875364996,0.4069079607228706,0.3622354416522884,0.03945953289089932,0
0.22359583851945264,0.13280928059379438,0.8707534503372591,0.33451128874193214,0.47554603748682667,0
0.9632225394406113,-0.04789919560180067,0.7823854840582735,0.026196708532064794,0.5430245839576632,0
0.012154474689816341,0.3273423307252963,0.5670162609866678,0.024191763891355245,0.2277497361032096,0
0.969878826707639,0.873659478649516,0.7384492092513265,0.8316970436757735,0.9640288471655137,1
0.04315991195057611,0.4651441944205006,0.8785155613013479,0.2730708099728124,0.909454610937242,0
0.8911431136980711,-0.5701192428184865,0.404140321651033,0.5180787662388154,0.7221432354559059,1
0.5277011090862999,-0.9376337298774307,0.3270331615632387,0.29872557358877305,0.5333866287653626,0
0.9929647961193003,-0.47547191140034983,0.6675933855635847,0.9406792451153405,0.869969159647685,1
0.07379656473539886,0.19015586140050966,0.8078459419412586,0.25929675886577375,0.1306523438234629,0
0.5538542844013208,-0.8971483730314993,0.7622851347766157,0.4296568127389351,0.790509794274885,0
0.969302535619099,-0.007267505597527313,0.7978136488586345,0.8727302504846018,0.1248208139668483,0
0.5230978441701488,0.19368569783377843,0.435583314812933,0.8419335667918086,0.7942106625494054,0
0.6293986381352625,-0.33151221836607836,0.8178342161750216,0.18610141784627732,0.27576756825135695,0
0.6957486889846172,0.5418244074916438,0.12020905537060844,0.8026433097957104,0.8770905810181889,0
0.45454106476777323,-0.7868034937324564,0.5444890979608495,0.45818688673789265,0.9440420938253978,0
0.6275580800840634,-0.8497244365283825,0.0057586604981215705,0.4829688720853552,0.14879596940511564,0
0.5843143119231002,0.4563775124072067,0.3245858299002703,0.13347997241594378,0.4626756050653935,0
0.901158010490989,-0.009017367587603076,0.3664615348713979,0.08060151375712465,0.9809873781626851,1
0.04544638034145787,0.3768047928554721,0.3961726916092554,0.7279393069737652,0.4834074359731466,0
0.2809631895922303,-0.13034532279250755,0.6954672066898622,0.49646115235529975,0.8635475225145451,0
0.9504114840765587,-0.5071959335217864,0.38855810127034573,0.43685070261517955,0.5887315221313199,0
0.8902637838909163,0.6382046353483994,0.44869362262253065,0.7295082286523967,0.37532990791960186,0
0.45565675278571294,0.5988317579379585,0.23754413087432746,0.7655128989911097,0.2857835555258702,0
0.6201325978015367,0.3893929417088535,0.3732517916293401,0.15890816766935356,0.20322309108608727,0
0.2773811829811327,-0.4557097255400746,0.22726962726315147,0.6102251494776413,0.7617981913776972,0
0.1881211597237613,0.1804613337381742,0.07319592376844364,0.13535408227768553,0.3865405068230279,0
0.46369840493998216,-0.2780522061199464,0.6034485933813779,0.7513750860290457,0.5112754622007512,0
0.3533522280260528,-0.8168358533467317,0.6682127985550163,0.6569551562671395,0.4923254800011819,0
0.5836561118508721,0.8346271509244856,0.6194903460096145,0.956614621083458,0.5772790292331312,0
0.07773463696498484,-0.7263627381620772,0.46349404380057235,0.06895801635642118,0.8655771456245522,0
0.9743948076661665,0.9004747076416049,0.3797857801792298,0.05705472115125432,0.9807393435834294,1
0.9862107444796029,-0.10798845408408853,0.8633336495718252,0.28218707469320015,0.40758420857381694,0
